recnum,b_raven,b_spol,b_nacionalnost,b_komunikacijske,b_utezi_dejavnikov,b_drugo,b_brez_pripombe,b_neuporaben,a_raven,a_spol,a_nacionalnost,a_komunikacijske,a_utezi_dejavnikov,a_drugo,a_brez_pripombe,a_neuporaben
15,3,1,1,0,1,0,0,0,1.0,0,0,0,0,1,0,0
16,0,0,0,0,0,0,1,0,0.0,0,0,0,0,0,1,1
18,0,0,0,0,0,0,1,0,1.0,0,0,0,0,1,0,0
19,3,1,1,0,1,1,0,0,1.0,1,1,1,1,1,0,0
20,0,0,0,0,0,0,1,0,3.0,1,1,1,1,1,0,0
21,3,0,0,1,1,0,0,0,0.0,0,0,0,0,0,0,0
22,0,0,0,0,0,0,1,0,1.0,0,1,0,0,1,0,0
23,3,0,0,0,1,0,0,0,0.0,0,0,0,0,0,0,0
24,0,0,0,0,0,0,1,0,0.0,0,0,0,0,0,1,0
25,3,0,0,0,0,0,0,0,0.0,0,0,0,0,0,1,1
27,2,1,0,0,0,1,0,0,3.0,0,0,0,1,1,0,0
28,2,1,0,0,0,0,0,0,0.0,0,0,0,0,0,1,0
29,3,1,1,1,0,0,0,0,3.0,0,0,0,0,1,0,0
30,2,1,0,0,1,0,0,0,3.0,0,1,0,1,1,0,0
31,0,0,0,0,0,0,0,1,3.0,0,1,1,1,1,0,0
33,2,0,1,0,0,0,0,0,3.0,0,0,0,1,1,0,0
34,2,0,0,0,0,0,0,0,0.0,0,0,0,0,0,1,1
35,0,0,0,0,0,0,1,0,1.0,0,0,0,0,0,0,0
36,2,1,1,0,1,0,0,0,0.0,0,0,0,0,0,1,0
37,2,0,1,0,0,0,0,0,1.0,0,0,1,1,1,0,0
40,0,0,0,0,0,0,1,0,0.0,0,0,0,0,0,1,0
41,0,0,0,0,0,0,1,0,1.0,0,0,0,0,1,0,0
42,0,0,0,0,0,0,1,0,0.0,0,0,0,0,0,1,0
43,0,0,0,0,0,0,1,0,0.0,0,0,0,0,0,1,1
44,0,0,0,0,0,0,1,0,0.0,0,0,0,0,0,1,0
48,2,1,1,0,0,0,0,0,2.0,0,1,0,1,0,0,0
49,0,0,0,0,0,0,1,0,0.0,0,0,0,0,0,1,1
52,3,1,1,0,1,0,0,0,3.0,0,0,0,0,1,0,0
53,2,1,1,0,0,0,0,0,3.0,0,0,0,0,0,0,0
58,3,1,1,1,0,0,0,0,0.0,0,0,0,0,0,0,0
59,2,1,1,0,0,0,0,0,3.0,0,0,1,0,0,0,0
60,2,1,0,0,1,0,0,0,3.0,0,0,1,1,1,0,0
61,2,1,0,0,1,0,0,0,0.0,0,0,1,1,1,0,0
62,1,1,1,0,0,1,0,0,1.0,0,0,0,0,1,0,0
63,2,1,1,0,1,0,0,0,3.0,0,0,0,1,1,0,0
64,2,1,0,0,0,0,0,0,3.0,0,0,1,1,1,0,0
65,2,1,1,0,1,0,0,0,3.0,0,1,0,1,1,0,0
66,2,1,1,0,0,0,0,0,3.0,0,1,1,1,1,0,0
67,3,0,0,0,1,1,0,0,3.0,0,0,0,1,0,0,0
68,2,1,1,0,1,0,0,0,2.0,0,0,0,0,0,0,0
69,2,0,0,0,0,0,1,0,0.0,0,0,0,1,1,0,0
70,2,1,0,0,1,0,0,0,3.0,0,0,0,1,1,0,0
71,2,1,1,1,0,0,0,0,1.0,0,0,0,0,1,0,0
73,3,1,1,0,0,1,0,0,3.0,0,0,0,1,1,0,0
74,3,1,1,1,1,0,0,0,3.0,0,0,0,1,1,0,0
78,2,0,0,0,1,0,0,0,1.0,0,0,0,0,1,0,0
79,2,1,0,0,0,0,0,0,0.0,0,0,0,0,0,1,1
80,2,0,0,0,1,1,0,0,3.0,0,0,0,1,1,0,0
82,2,1,0,1,0,0,0,0,0.0,0,0,1,0,1,0,0
83,2,1,0,0,0,0,0,0,2.0,0,0,0,1,0,0,0
84,1,0,0,0,0,0,0,0,2.0,1,1,0,1,0,0,0
90,2,1,0,0,1,0,0,0,2.0,1,0,0,1,0,0,0
94,0,0,0,0,0,0,1,0,0.0,0,0,0,0,0,1,0
97,2,1,0,0,1,0,0,0,1.0,0,0,0,0,0,0,0
98,2,0,0,0,0,0,0,0,0.0,0,0,0,0,0,1,1
99,3,1,1,0,0,0,0,0,0.0,0,0,0,0,1,1,0
100,3,1,1,1,1,0,0,0,3.0,0,0,0,0,0,0,1
101,0,0,0,0,0,0,1,0,0.0,0,0,0,0,0,1,1
102,2,1,0,0,0,0,0,0,0.0,0,0,0,0,1,0,0
103,0,0,0,0,0,0,1,0,3.0,0,0,0,0,0,0,0
104,0,0,0,0,0,0,1,0,0.0,0,0,0,0,0,1,0
105,0,0,0,0,0,0,1,0,0.0,1,1,0,0,1,0,0
106,3,1,0,0,1,0,0,0,0.0,0,0,0,0,0,1,0
107,0,0,0,0,0,0,1,0,0.0,0,0,0,0,0,1,0
108,2,1,0,0,0,0,0,0,0.0,0,1,1,0,1,0,0
109,0,0,0,0,0,0,1,0,1.0,0,1,1,0,1,0,0
110,3,1,1,0,0,0,0,0,2.0,0,0,0,0,0,0,0
113,3,1,1,0,0,0,0,0,0.0,0,0,1,1,1,0,0
114,3,1,1,0,1,0,0,0,3.0,0,0,1,0,1,0,0
115,2,0,0,0,0,0,0,0,2.0,0,0,1,0,1,0,0
116,3,1,1,0,1,0,0,0,0.0,0,0,1,1,1,0,0
119,3,1,1,0,0,0,0,0,0.0,0,0,0,0,1,0,0
120,2,1,0,0,0,0,0,0,2.0,0,0,0,1,1,0,0
121,2,1,0,0,1,0,0,0,2.0,1,0,0,1,0,0,0
122,0,0,0,0,0,0,1,0,0.0,0,0,0,0,0,1,0
123,0,0,0,0,0,0,1,0,0.0,0,0,0,0,0,0,0
124,2,1,1,0,1,0,0,0,0.0,0,0,0,0,0,0,0
127,2,1,0,0,0,0,0,0,1.0,0,0,0,0,1,0,0
128,2,1,0,0,1,0,0,0,0.0,0,0,0,0,0,1,1
130,3,1,1,1,0,0,0,0,3.0,0,0,0,1,1,0,0
131,3,0,0,0,0,0,0,0,0.0,0,0,0,1,1,0,0
132,3,1,1,1,1,1,0,0,3.0,0,1,0,1,1,0,0
133,1,1,0,0,0,0,0,0,3.0,0,0,0,1,1,0,0
134,3,1,1,1,0,0,0,0,3.0,0,0,0,1,1,0,0
136,3,1,1,1,1,1,0,0,3.0,0,0,1,0,1,0,0
137,2,1,1,1,1,0,0,0,0.0,0,0,0,0,0,1,0
138,3,1,1,1,1,0,0,0,3.0,0,0,0,1,1,0,0
139,3,1,1,0,1,1,0,0,0.0,0,0,1,1,1,0,0
140,2,1,0,0,0,0,0,0,0.0,0,0,0,1,0,0,0
146,2,0,0,0,0,0,0,1,1.0,0,0,0,0,1,0,0
147,2,1,0,1,0,0,0,0,0.0,0,0,1,1,1,1,0
148,3,0,0,0,1,1,0,0,0.0,0,0,0,0,0,1,1
150,2,1,1,0,0,0,0,0,2.0,0,0,0,0,0,0,0
152,2,1,1,1,0,0,0,0,3.0,0,1,0,0,1,0,0
153,2,1,1,1,0,0,0,0,3.0,0,0,0,1,1,0,0
154,2,1,0,0,1,0,0,0,0.0,0,0,0,0,0,1,0
155,2,1,0,0,0,0,0,0,3.0,0,0,0,1,1,0,0
157,2,1,1,0,0,0,0,0,1.0,0,0,0,1,1,0,0
158,3,1,1,0,0,0,0,0,2.0,0,0,0,1,1,0,0
159,2,1,0,0,1,0,0,0,0.0,0,0,1,1,1,0,0
160,2,1,1,0,1,0,0,0,2.0,0,1,0,0,1,0,0
161,2,1,0,0,0,0,0,0,0.0,0,0,0,1,0,0,0
162,2,1,1,0,0,0,0,0,0.0,0,0,0,0,0,0,0
163,2,1,0,0,1,0,0,0,2.0,0,1,1,1,1,0,0
164,2,1,1,0,0,0,0,0,2.0,0,1,0,1,0,0,0
165,2,1,1,0,1,0,0,0,3.0,0,0,0,1,1,0,0
166,1,1,1,0,0,0,0,0,3.0,0,0,0,0,1,0,0
167,2,1,0,0,1,0,0,0,3.0,0,0,0,1,1,0,0
168,2,1,1,1,1,0,0,0,3.0,0,1,1,0,1,0,0
169,3,1,1,1,1,1,0,0,3.0,0,0,1,1,1,0,0
171,2,0,0,0,0,0,0,0,1.0,0,0,1,0,1,0,0
172,2,1,1,0,0,0,0,0,0.0,0,0,0,1,1,0,0
173,3,1,0,0,1,0,0,0,0.0,0,0,0,0,0,0,0
174,2,1,1,0,1,0,0,0,1.0,0,0,0,1,1,0,0
175,3,1,1,0,1,0,0,0,3.0,0,1,0,0,0,0,0
176,2,0,1,0,0,0,0,0,3.0,0,0,0,1,1,0,0
177,3,1,1,0,0,0,0,0,2.0,0,0,1,1,1,0,0
178,2,1,1,0,0,0,0,0,1.0,0,0,0,1,1,0,0
179,3,1,1,0,0,0,0,0,1.0,0,0,0,1,1,0,0
180,2,1,1,0,0,0,0,0,2.0,0,0,0,1,1,0,0
182,2,1,1,0,1,0,0,0,2.0,0,0,0,1,1,0,0
185,3,1,1,0,1,0,0,0,1.0,0,0,0,0,1,0,0
186,3,1,1,1,1,0,0,0,3.0,0,0,1,1,1,0,0
191,2,1,1,0,1,0,0,0,2.0,0,0,0,1,1,0,0
192,2,1,1,0,0,0,0,0,0.0,0,0,0,1,1,0,0
193,2,1,1,0,0,0,0,0,0.0,0,0,0,0,1,0,0
194,2,1,0,0,0,0,0,0,2.0,1,0,0,0,0,0,0
196,0,0,0,0,0,0,1,0,0.0,0,0,0,0,0,1,1
197,0,0,0,0,0,0,1,0,0.0,0,0,0,0,0,1,1
198,0,0,0,0,0,0,1,0,1.0,0,0,0,0,1,0,0
200,2,1,0,0,0,0,0,0,1.0,0,0,1,0,1,0,0
201,0,0,0,0,0,0,1,0,0.0,0,0,0,0,0,1,1
203,2,1,1,0,0,0,0,0,3.0,0,0,1,0,1,0,0
204,3,1,1,1,1,0,0,0,1.0,0,0,0,1,1,0,0
205,2,1,0,0,0,0,0,0,0.0,0,0,0,0,0,0,0
206,0,0,0,0,0,0,1,1,0.0,0,0,0,0,0,1,1
207,3,1,1,0,1,1,0,0,0.0,0,0,0,1,1,0,0
209,3,1,1,0,0,0,0,0,0.0,0,0,0,0,0,1,0
210,2,1,0,0,0,0,0,0,3.0,0,0,0,1,0,0,0
212,1,1,0,0,0,0,0,0,0.0,0,0,0,0,0,0,0
213,0,0,0,0,0,0,0,1,0.0,0,0,0,0,0,1,0
214,0,0,0,0,0,0,1,0,0.0,0,0,0,0,0,1,0
215,2,1,0,0,0,0,0,0,2.0,0,1,0,1,0,0,0
216,3,1,1,1,1,1,0,0,0.0,0,0,0,1,1,0,0
219,0,0,0,0,0,0,1,0,0.0,0,0,0,0,0,1,0
220,0,0,0,0,0,0,1,0,0.0,0,0,0,0,0,1,0
222,2,1,0,0,1,0,0,0,0.0,0,0,1,0,1,1,0
224,3,0,0,1,1,0,0,0,2.0,0,0,0,1,1,0,0
225,3,1,0,0,1,0,0,0,0.0,1,1,0,1,0,0,0
226,2,1,1,0,1,0,0,0,3.0,0,1,0,1,1,0,0
227,2,1,1,0,0,0,0,0,0.0,0,0,0,0,1,1,0
228,2,1,1,0,1,0,0,0,0.0,0,0,0,0,0,0,0
229,3,1,1,1,0,0,0,0,0.0,0,0,1,1,1,0,0
230,2,1,0,0,1,0,0,0,0.0,0,0,0,0,0,1,0
231,3,1,1,1,1,0,0,0,0.0,0,0,0,1,1,0,0
232,2,1,1,0,1,0,0,0,0.0,0,0,0,0,1,0,0
233,2,1,1,0,0,0,0,0,0.0,0,0,1,1,1,0,0
234,2,1,1,0,0,0,0,0,1.0,0,0,0,0,1,0,0
235,2,1,0,0,0,0,0,0,3.0,0,0,0,1,1,0,0
236,3,1,0,1,1,0,0,0,3.0,0,0,0,0,1,0,0
237,3,1,0,0,0,0,0,0,0.0,0,0,0,0,0,1,0
238,2,1,0,0,1,0,0,0,0.0,0,0,1,0,1,0,0
242,2,1,1,0,1,0,0,0,0.0,0,0,0,0,1,0,0
244,0,0,0,0,0,0,1,0,0.0,0,0,0,0,0,1,0
245,2,1,0,0,0,0,0,0,0.0,0,0,0,0,1,1,0
246,3,1,0,0,1,1,0,0,3.0,0,0,0,1,1,0,0
247,2,1,1,0,0,0,0,0,0.0,0,0,0,1,1,0,0
248,2,1,1,0,0,0,0,0,3.0,0,1,0,1,1,0,0
249,3,1,1,0,1,1,0,0,3.0,0,0,0,1,1,0,0
250,2,1,1,0,1,0,0,0,2.0,0,1,1,1,1,0,0
251,3,1,0,0,0,0,0,0,0.0,0,0,0,0,1,0,0
254,2,1,1,0,1,0,0,0,2.0,0,0,0,1,1,0,0
255,2,1,1,0,1,0,0,0,1.0,0,0,0,0,1,0,0
256,2,1,0,0,1,0,0,0,1.0,0,0,0,1,1,0,0
257,2,1,1,0,1,0,0,0,2.0,0,1,0,1,0,0,0
258,2,1,0,0,0,0,0,0,2.0,1,0,0,0,0,0,0
259,2,0,0,0,0,0,0,0,3.0,0,0,0,0,1,0,0
260,0,0,0,0,0,0,1,1,0.0,0,0,0,0,1,0,0
261,2,1,1,0,0,0,0,0,3.0,0,1,0,1,1,0,0
262,0,0,0,0,0,0,1,0,1.0,0,1,0,0,1,0,0
264,2,1,0,0,1,0,0,0,0.0,0,1,1,1,1,0,0
265,2,1,0,0,1,0,0,0,0.0,0,0,0,0,0,1,1
266,2,1,0,0,0,0,0,0,1.0,0,0,0,0,0,0,0
267,0,0,0,0,0,0,1,0,0.0,0,0,0,0,0,1,0
271,2,1,1,1,0,0,0,0,0.0,0,0,0,0,0,1,0
272,2,0,0,0,0,1,0,0,3.0,0,1,1,1,1,0,0
273,2,1,0,0,1,0,0,0,3.0,0,0,0,0,0,0,0
274,2,1,1,0,0,0,0,0,0.0,0,0,1,1,1,0,0
275,3,1,1,0,1,0,0,0,0.0,0,0,1,1,1,0,0
276,2,1,1,0,0,0,0,0,0.0,0,0,0,0,0,0,0
277,0,0,0,0,0,0,0,0,0.0,0,0,0,0,0,1,0
278,3,0,1,1,0,0,0,0,0.0,0,0,0,0,1,0,0
279,3,1,1,0,1,1,0,0,1.0,0,0,1,0,1,0,0
280,3,1,1,0,1,0,0,0,0.0,0,0,0,1,1,0,0
285,2,1,1,0,0,0,0,0,3.0,0,1,0,1,1,0,0
287,2,1,0,0,0,0,0,0,2.0,0,0,0,1,0,0,0
288,2,1,1,0,0,0,0,0,2.0,0,0,0,1,1,0,0
289,2,1,1,0,1,0,0,0,0.0,0,0,0,0,0,1,0
290,2,1,1,1,0,0,0,0,1.0,0,1,0,0,1,0,0
291,2,1,1,0,0,0,0,0,3.0,0,1,0,0,1,0,0
292,2,1,0,0,0,1,0,0,1.0,0,0,0,1,1,0,0
293,1,1,1,0,0,0,0,0,1.0,0,1,1,1,1,0,0
294,2,1,0,0,0,0,0,0,1.0,0,0,1,0,1,0,0
295,2,1,0,0,1,0,0,0,0.0,0,0,0,0,0,1,0
296,2,1,0,0,1,0,0,0,0.0,0,0,0,0,0,1,0
297,2,1,0,0,0,0,0,0,0.0,0,0,0,0,0,1,0
298,2,1,1,0,0,0,0,0,1.0,0,0,0,0,1,0,0
299,2,1,0,0,1,0,0,0,2.0,0,0,0,1,1,0,0
300,2,0,0,0,1,0,0,0,2.0,0,0,0,1,1,0,0
301,2,1,0,0,1,0,0,0,1.0,0,0,0,0,1,0,0
302,2,0,0,0,0,0,0,0,0.0,0,0,0,0,0,0,0
304,2,1,0,0,1,0,0,0,0.0,0,0,0,1,1,0,0
305,2,1,0,0,0,0,0,0,0.0,0,0,0,1,1,0,0
306,2,1,1,1,1,0,0,0,1.0,0,0,1,0,1,0,0
307,0,0,0,0,0,0,1,0,0.0,0,0,0,1,0,0,0
309,2,1,0,0,1,0,0,0,0.0,0,0,1,0,1,0,0
310,2,1,0,1,0,0,0,0,1.0,0,0,0,1,1,0,0
311,3,1,0,0,0,0,0,0,0.0,0,0,0,0,1,0,0
312,3,1,1,1,0,0,0,0,3.0,0,0,0,1,1,0,0
314,3,1,1,1,1,1,0,0,3.0,0,1,0,1,1,0,0
316,2,1,1,0,1,0,0,0,2.0,0,0,0,1,1,0,0
317,2,1,1,0,0,1,0,0,3.0,0,0,1,1,1,0,0
318,2,1,0,0,1,0,0,0,0.0,0,0,1,0,1,0,0
319,2,1,1,0,0,0,0,0,1.0,0,0,0,0,0,1,0
320,2,1,1,0,1,0,0,0,3.0,0,0,1,1,1,0,0
321,2,1,0,1,1,0,0,0,0.0,0,0,0,1,1,0,0
323,0,0,0,0,0,0,1,0,0.0,0,0,0,0,0,1,0
324,3,1,0,0,0,0,0,0,3.0,0,0,0,1,1,0,0
325,2,1,1,1,1,0,0,0,0.0,0,0,0,0,0,1,1
326,2,1,0,0,0,0,0,0,2.0,0,1,0,1,0,0,0
327,0,0,0,0,0,0,1,0,0.0,0,0,0,0,0,1,1
328,3,1,1,0,0,0,0,0,0.0,0,0,0,0,1,1,0
329,0,0,0,1,0,0,1,0,0.0,0,0,0,0,0,1,1
330,2,1,1,0,0,0,0,0,1.0,1,0,0,0,1,0,0
336,0,0,0,0,0,0,1,0,0.0,1,1,0,0,0,0,0
337,0,0,0,0,0,0,1,0,0.0,0,0,0,0,0,1,0
338,0,0,0,0,0,0,1,0,0.0,0,0,0,0,0,1,1
339,2,1,0,0,0,0,0,0,0.0,0,0,0,0,0,1,1
340,2,1,1,0,0,0,0,0,2.0,0,1,0,1,0,0,0
341,2,1,0,0,1,0,0,0,0.0,0,0,0,0,0,1,0
342,0,0,0,0,0,0,1,0,0.0,0,0,0,0,0,0,0
343,1,1,0,0,0,0,0,0,3.0,0,0,0,1,1,0,0
344,2,1,1,0,0,0,0,0,1.0,0,0,0,0,1,1,0
347,3,1,1,0,0,0,0,0,3.0,0,0,0,1,1,0,0
348,2,1,1,0,1,1,0,0,0.0,0,0,1,0,0,0,0
349,2,1,1,0,1,0,0,0,2.0,0,0,1,1,1,0,0
350,2,1,1,0,1,0,0,0,2.0,0,0,0,1,1,0,0
351,2,1,1,0,1,0,0,0,3.0,0,0,0,1,1,0,0
352,2,1,1,0,1,0,0,0,3.0,0,0,0,1,1,0,0
353,3,1,1,0,1,0,0,0,0.0,0,0,0,0,0,1,0
354,2,1,0,0,1,0,0,0,0.0,0,0,0,0,1,0,0
355,2,1,0,0,0,0,0,0,3.0,0,0,1,1,0,0,0
356,2,1,1,0,1,0,0,0,0.0,0,0,0,1,1,0,0
357,3,1,0,0,0,0,0,0,3.0,0,0,1,1,0,0,0
358,2,1,0,1,1,0,0,0,2.0,0,0,0,1,1,0,0
362,3,1,1,0,0,0,0,0,2.0,0,0,0,0,1,0,0
363,3,1,1,1,0,1,0,0,1.0,0,0,0,1,1,0,0
364,2,1,0,0,0,0,0,0,0.0,0,0,0,1,1,0,0
365,2,1,0,0,0,0,0,0,1.0,0,1,0,1,1,0,0
366,0,0,0,0,0,0,1,0,0.0,0,0,0,0,0,1,1
367,0,0,0,0,0,0,1,0,0.0,0,0,0,0,0,1,0
368,0,0,0,0,0,0,1,0,0.0,0,0,0,0,0,1,1
369,2,1,1,0,0,0,0,0,2.0,0,0,0,0,0,0,0
370,0,0,0,0,0,0,1,0,0.0,0,0,0,0,0,1,0
371,2,1,1,0,0,0,0,0,2.0,0,0,0,0,0,0,0
372,3,1,1,0,0,0,0,0,0.0,0,0,0,1,1,1,0
373,3,1,1,1,1,0,0,0,1.0,0,0,0,0,1,0,0
